1000,139.0817108154297,134.67576599121094,4.163637161254883,0.24230903387069702,0.0,0.013464470393955708,0.09908056259155273,0.057298898696899414,0.33702409267425537
2000,78.71749877929688,55.70848083496094,22.864459991455078,0.1445637345314026,0.0,0.005623101256787777,0.0640297457575798,0.1258312463760376,0.2869309186935425
3000,49.22216796875,29.82316780090332,19.310138702392578,0.0888584554195404,0.0,0.00303127383813262,0.04701174795627594,0.14115285873413086,0.26078641414642334
4000,30.384323120117188,16.78327751159668,13.546499252319336,0.0545463040471077,0.0,0.0017147385515272617,0.03535841405391693,0.11580383777618408,0.20742452144622803
5000,14.682631492614746,7.430781841278076,7.220212459564209,0.03163740411400795,0.0,0.0007528520654886961,0.023428723216056824,0.07852137088775635,0.150809645652771
6000,6.715627193450928,2.8818178176879883,3.810842990875244,0.022966301068663597,0.0,0.0002923492284025997,0.01459972932934761,0.05332624912261963,0.10554778575897217
7000,3.478466033935547,1.1195571422576904,2.339595317840576,0.019313624128699303,0.0,0.00011456037464085966,0.009139260277152061,0.03866934776306152,0.0731576681137085
8000,2.092557668685913,0.4674943685531616,1.6075018644332886,0.017561454325914383,0.0,4.851597986998968e-05,0.005947524216026068,0.02928638458251953,0.04980027675628662
9000,1.3698241710662842,0.2514292001724243,1.1024360656738281,0.015958916395902634,0.0,2.6365472876932472e-05,0.004384414758533239,0.023996591567993164,0.03488361835479736
10000,1.2902140617370605,0.26395082473754883,1.010688066482544,0.015575177036225796,0.0,2.7982767278444953e-05,0.004516886081546545,0.020853877067565918,0.025908827781677246
11000,0.715330183506012,0.16004036366939545,0.5416929721832275,0.013596858829259872,0.0,1.663252078287769e-05,0.0034823534078896046,0.019413113594055176,0.021170735359191895
12000,2.162494659423828,0.5393542647361755,1.609407901763916,0.013732457533478737,0.0,5.1669769163709134e-05,0.0061377910897135735,0.019060254096984863,0.017224550247192383
13000,0.4157564043998718,0.14117173850536346,0.2626822590827942,0.011902393773198128,0.0,1.4734045180375688e-05,0.0032775914296507835,0.018197178840637207,0.013335108757019043
14000,1.6516587734222412,0.6325533986091614,1.0073212385177612,0.011784067377448082,0.0,6.499721348518506e-05,0.006884005386382341,0.017497777938842773,0.01136469841003418
15000,0.24927562475204468,0.11236222833395004,0.12641240656375885,0.010500995442271233,0.0,1.1533549695741385e-05,0.002899848623201251,0.015072226524353027,0.009079217910766602
16000,0.27248623967170715,0.11779520660638809,0.14457939565181732,0.010111624374985695,0.0,1.2038044587825425e-05,0.002962591592222452,0.013501286506652832,0.00679624080657959
17000,0.30607879161834717,0.1260085254907608,0.17018194496631622,0.009888329543173313,0.0,1.2568519196065608e-05,0.003027163678780198,0.011670589447021484,0.005642533302307129
18000,0.7585484981536865,0.4972729980945587,0.25205761194229126,0.009217847138643265,0.0,5.0361573812551796e-05,0.006059593055397272,0.010339617729187012,0.004287242889404297
19000,0.24718454480171204,0.10659366101026535,0.13140127062797546,0.009189603850245476,0.0,1.0949556781270076e-05,0.0028254790231585503,0.010669231414794922,0.003535032272338867
20000,0.6428853273391724,0.4797125458717346,0.15393085777759552,0.009241919964551926,0.0,4.82217401440721e-05,0.005929461680352688,0.010512471199035645,0.0050067901611328125
21000,0.21071703732013702,0.14951348304748535,0.05209607630968094,0.009107491001486778,0.0,1.5325771528296173e-05,0.0033427586313337088,0.008629083633422852,0.005743265151977539
22000,0.33784419298171997,0.12424597889184952,0.20471400022506714,0.008884212002158165,0.0,1.2234982023073826e-05,0.0029867268167436123,0.009889960289001465,0.0038242340087890625
23000,0.16194598376750946,0.0967351645231247,0.056415364146232605,0.008795458823442459,0.0,9.838574442255776e-06,0.002678304212167859,0.0101393461227417,0.004352927207946777
24000,0.15899020433425903,0.1147940456867218,0.03545279800891876,0.008743364363908768,0.0,1.1720615475496743e-05,0.0029232706874608994,0.009742498397827148,0.004233241081237793
25000,0.1409146785736084,0.100191131234169,0.03220241516828537,0.008521138690412045,0.0,1.0248410035273992e-05,0.002733518835157156,0.010100841522216797,0.0025397539138793945
26000,0.1993165761232376,0.145216166973114,0.04559016972780228,0.008510243147611618,0.0,1.4707015907333698e-05,0.003274583723396063,0.010783910751342773,0.0022885799407958984
27000,0.14854681491851807,0.1026221215724945,0.03759687766432762,0.008327815681695938,0.0,1.0402920452179387e-05,0.0027540477458387613,0.009465336799621582,0.0017303228378295898
28000,0.17313535511493683,0.09732819348573685,0.06752064824104309,0.008286520838737488,0.0,9.909157597576268e-06,0.002687894506379962,0.009691357612609863,0.0008882284164428711
29000,0.23327338695526123,0.17337152361869812,0.05172957479953766,0.0081722941249609,0.0,1.7454030967201106e-05,0.0035673168022185564,0.009279370307922363,0.0019479990005493164
30000,0.31033799052238464,0.1430385261774063,0.15922199189662933,0.00807748083025217,0.0,1.4592604202334769e-05,0.003261821810156107,0.008557796478271484,0.0008071660995483398
31000,0.14882753789424896,0.10524767637252808,0.035519734025001526,0.008060131222009659,0.0,1.0603312148305122e-05,0.002780446782708168,0.007848978042602539,0.00021982192993164062
32000,0.23613396286964417,0.10827337205410004,0.11979208886623383,0.008068505674600601,0.0,1.116604562412249e-05,0.0028532743453979492,0.00857079029083252,0.0013751983642578125
33000,1.1673489809036255,0.32371920347213745,0.8352608680725098,0.00836887490004301,0.0,3.2386342354584485e-05,0.00485931197181344,0.008322834968566895,-0.00023692846298217773
34000,0.1605682224035263,0.09918753802776337,0.05348039045929909,0.007900295779109001,0.0,1.0208644198428374e-05,0.0027282102964818478,0.008217096328735352,-0.0006102323532104492
35000,0.18216650187969208,0.11974161118268967,0.054612092673778534,0.007812801748514175,0.0,1.2242830052855425e-05,0.0029876844491809607,0.009003758430480957,0.0002675056457519531
36000,0.1673414260149002,0.10858236998319626,0.05107526481151581,0.007683798670768738,0.0,1.1005332453351002e-05,0.0028326662722975016,0.008430719375610352,-0.0017378926277160645
37000,0.6475011110305786,0.16544052958488464,0.4745061993598938,0.007554387208074331,0.0,1.6907408280530944e-05,0.0035110122989863157,0.008432745933532715,-0.0008261799812316895
38000,0.14224618673324585,0.11615633964538574,0.018612327054142952,0.007477518171072006,0.0,1.1832573363790289e-05,0.002937199315056205,0.00828850269317627,-0.0017814040184020996
39000,0.16101934015750885,0.10512229055166245,0.04856046289205551,0.00733658391982317,0.0,1.060026897903299e-05,0.0027800477109849453,0.008529901504516602,-0.0009704828262329102
40000,0.3436731994152069,0.2932111918926239,0.04307063668966293,0.007391354069113731,0.0,2.9665341571671888e-05,0.004650701768696308,0.008629798889160156,-0.0009737014770507812
41000,0.3845663070678711,0.1233258843421936,0.2539149522781372,0.0073254648596048355,0.0,1.2904073628305923e-05,0.0030673069413751364,0.008835077285766602,-0.001491248607635498
42000,0.2272363007068634,0.12513360381126404,0.09502294659614563,0.007079747971147299,0.0,1.2499073818617035e-05,0.003018788993358612,0.008941173553466797,-0.0014857649803161621
43000,0.16872282326221466,0.10382384061813354,0.05791120231151581,0.006987776607275009,0.0,1.074603005690733e-05,0.0027990962844341993,0.008948206901550293,-0.0009211301803588867
44000,0.29871541261672974,0.10246991366147995,0.18914927542209625,0.007096235640347004,0.0,1.0684997505450156e-05,0.002791136270388961,0.008420109748840332,-0.0015578866004943848
45000,0.19234035909175873,0.09895171225070953,0.08665505051612854,0.006733592599630356,0.0,1.027926009555813e-05,0.002737630158662796,0.00862574577331543,-0.0018690228462219238
46000,0.20910197496414185,0.10127168148756027,0.10125891864299774,0.006571375764906406,0.0,1.0127332643605769e-05,0.00271732360124588,0.008405089378356934,-0.002245604991912842
47000,0.11337363719940186,0.09835945069789886,0.00845981016755104,0.006554377730935812,0.0,1.0012806342274416e-05,0.0027019153349101543,0.009189367294311523,-0.0031752586364746094
48000,0.11562573164701462,0.09651375561952591,0.012845455668866634,0.006266522221267223,0.0,9.940930794982705e-06,0.002692200243473053,0.007753729820251465,-0.0008655190467834473
49000,0.1384855955839157,0.11878591775894165,0.013580534607172012,0.0061191413551568985,0.0,1.1993211046501528e-05,0.002957069780677557,0.006612181663513184,-0.0022451281547546387
50000,0.19983841478824615,0.10229218006134033,0.09157837927341461,0.005967853125184774,0.0,1.0467427273397334e-05,0.002762573305517435,0.007459759712219238,-0.0019549131393432617
51000,0.15664714574813843,0.0956856831908226,0.055157702416181564,0.00580376572906971,0.0,9.804492037801538e-06,0.0026736611034721136,0.0076149702072143555,-0.0011502504348754883
52000,0.19492916762828827,0.13393673300743103,0.055283695459365845,0.005708744749426842,0.0,1.3836947800882626e-05,0.003176244907081127,0.00588381290435791,-0.001957535743713379
53000,0.45090755820274353,0.374316543340683,0.07099823653697968,0.0055927918292582035,0.0,3.779940743697807e-05,0.005249721929430962,0.0071707963943481445,-0.0022612810134887695
54000,0.16616658866405487,0.0995509922504425,0.061150096356868744,0.005465497262775898,0.0,1.0268743608321529e-05,0.0027362292166799307,0.0069648027420043945,-0.000628054141998291
55000,0.12224213778972626,0.09985824674367905,0.01717696152627468,0.00520692765712738,0.0,1.0212364941253327e-05,0.0027287076227366924,0.007372617721557617,-0.0001634359359741211
56000,0.14595931768417358,0.10427159070968628,0.036626651883125305,0.005061071366071701,0.0,1.073581643140642e-05,0.002797765890136361,0.006055593490600586,-0.0010312795639038086
57000,0.23266500234603882,0.10398153960704803,0.12375545501708984,0.004928011447191238,0.0,1.0651539923856035e-05,0.00278676301240921,0.006458282470703125,-0.0005767345428466797
58000,0.11413540691137314,0.09572821855545044,0.013623427599668503,0.004783760290592909,0.0,9.796573976927903e-06,0.0026725814677774906,0.006583094596862793,-0.0013409852981567383
59000,0.1066383421421051,0.09524960070848465,0.006635874509811401,0.004752863198518753,0.0,9.764929927769117e-06,0.0026682615280151367,0.006008505821228027,-0.0004884004592895508
60000,0.2289258986711502,0.2004016935825348,0.023990172892808914,0.004534038249403238,0.0,2.0327233869466e-05,0.003849753877148032,0.006447434425354004,-0.00011467933654785156
61000,0.10942525416612625,0.09522084891796112,0.009819049388170242,0.00438535725697875,0.0,9.767952178663108e-06,0.002668674336746335,0.007140398025512695,0.0002033710479736328
62000,0.5007485151290894,0.27393001317977905,0.22249874472618103,0.004319784231483936,0.0,2.7802181648439728e-05,0.004502288065850735,0.008523821830749512,-1.4543533325195312e-05
63000,0.16002480685710907,0.1014474481344223,0.054434310644865036,0.004143042024224997,0.0,1.0413077689008787e-05,0.002755391877144575,0.005174160003662109,0.0008846521377563477
64000,0.11512285470962524,0.09547127038240433,0.01570826768875122,0.003943317104130983,0.0,9.785039765120018e-06,0.0026710075326263905,0.004814028739929199,-0.00045871734619140625
65000,0.14424704015254974,0.09912668168544769,0.04127303510904312,0.003847314976155758,0.0,1.0160700185224414e-05,0.0027217965107411146,0.004868149757385254,0.0001068115234375
66000,0.322930246591568,0.10717416554689407,0.2120247185230255,0.003731375327333808,0.0,1.0741339792730287e-05,0.0027984853368252516,0.006918191909790039,-0.0015998482704162598
67000,0.16517513990402222,0.1321835219860077,0.029468847438693047,0.003522764192894101,0.0,1.3416420188150369e-05,0.0031276068184524775,0.004935503005981445,0.0008847713470458984
68000,0.12264816462993622,0.09493602812290192,0.02422141283750534,0.00349072040989995,0.0,9.739049346535467e-06,0.002664723200723529,0.0047026872634887695,-0.00027066469192504883
69000,0.1300387680530548,0.09731932729482651,0.02934747375547886,0.00337197189219296,0.0,9.988177225750405e-06,0.0026985902804881334,0.006549477577209473,-0.0011140704154968262
70000,0.12257055938243866,0.10374709963798523,0.015634335577487946,0.003189124632626772,0.0,1.0662406566552818e-05,0.0027881839778274298,0.004378080368041992,0.00023424625396728516
71000,0.10657308995723724,0.09562040865421295,0.007744401227682829,0.003208280075341463,0.0,9.825737834034953e-06,0.0026765563525259495,0.004579901695251465,0.0007966756820678711
72000,0.26472440361976624,0.1010599434375763,0.1606307327747345,0.0030337264761328697,0.0,1.040571805788204e-05,0.002754417946562171,0.0030663013458251953,0.0005205869674682617
73000,0.18201878666877747,0.09561094641685486,0.08352349698543549,0.0028843374457210302,0.0,9.873756425804459e-06,0.0026830886490643024,0.004202604293823242,0.000286102294921875
74000,0.571436882019043,0.4624095559120178,0.10626739263534546,0.0027599134482443333,0.0,4.624413850251585e-05,0.005806603468954563,0.004805088043212891,-0.00023490190505981445
75000,0.14264631271362305,0.12074007093906403,0.01919311285018921,0.0027131352107971907,0.0,1.2331602192716673e-05,0.002998496638610959,0.004542708396911621,-0.000469207763671875
76000,0.14372140169143677,0.0962987020611763,0.04480919614434242,0.0026134985964745283,0.0,9.915111149894074e-06,0.00268870173022151,0.004414200782775879,0.000950932502746582
77000,0.29744288325309753,0.09751063585281372,0.19735440611839294,0.002577850129455328,0.0,1.009542575047817e-05,0.0027130397502332926,0.004095315933227539,2.6226043701171875e-06
78000,0.25081732869148254,0.15677528083324432,0.09161575138568878,0.002426292048767209,0.0,1.593999877513852e-05,0.0034090860281139612,0.004475235939025879,0.000794529914855957
79000,0.11786026507616043,0.10643938928842545,0.009058261290192604,0.002362614730373025,0.0,1.0920868589892052e-05,0.0028217751532793045,0.004372596740722656,-0.0007357001304626465
80000,0.2063194364309311,0.1737947016954422,0.030260533094406128,0.0022641951218247414,0.0,1.7693026165943593e-05,0.0035916571505367756,0.0033990144729614258,-0.00025385618209838867
81000,0.17138570547103882,0.11547724157571793,0.053715236485004425,0.002193222753703594,0.0,1.1876433745783288e-05,0.0029426380060613155,0.0038242340087890625,-0.0002657771110534668
82000,0.10968408733606339,0.0958433672785759,0.011697165668010712,0.002143554389476776,0.0,9.841023711487651e-06,0.0026786376256495714,0.0039044618606567383,-0.0008251070976257324
83000,0.12221414595842361,0.10299109667539597,0.017152098938822746,0.0020709505770355463,0.0,1.0596983884170186e-05,0.0027796169742941856,0.0060034990310668945,-0.0018747448921203613
84000,0.30853602290153503,0.17642012238502502,0.13007470965385437,0.002041176427155733,0.0,1.7920034224516712e-05,0.003614624962210655,0.004118561744689941,-0.00038504600524902344
85000,0.20625929534435272,0.12043006718158722,0.0839255154132843,0.0019037106540054083,0.0,1.2040500223520212e-05,0.002962893806397915,0.0031086206436157227,-0.0012836456298828125
86000,0.13591504096984863,0.1034010499715805,0.030635807663202286,0.001878188457340002,0.0,1.068806705006864e-05,0.002791537204757333,0.004162430763244629,-0.00036406517028808594
87000,0.17904624342918396,0.11293523758649826,0.06426561623811722,0.0018453822704032063,0.0,1.151565902546281e-05,0.00289759854786098,0.003923892974853516,-0.0010572075843811035
88000,0.27120447158813477,0.10605723410844803,0.16341647505760193,0.0017307831440120935,0.0,1.0952274351438973e-05,0.002825829666107893,0.005682587623596191,-0.0009628534317016602
89000,0.19676899909973145,0.09599219262599945,0.09908421337604523,0.0016925946110859513,0.0,9.941873031493742e-06,0.0026923278346657753,0.003630399703979492,-0.0009648799896240234
90000,0.13722994923591614,0.09642554074525833,0.03913107141852379,0.0016733453376218677,0.0,9.948581464414019e-06,0.0026932358741760254,0.005245089530944824,-0.0011112093925476074
91000,0.17894934117794037,0.09697829186916351,0.08034208416938782,0.0016289690975099802,0.0,9.951731044566259e-06,0.0026936621870845556,0.003415226936340332,-0.00037491321563720703
92000,0.1201033815741539,0.10787582397460938,0.0106379184871912,0.0015896405093371868,0.0,1.1031130270566791e-05,0.002835984341800213,0.004404902458190918,-0.0005565285682678223
93000,0.40052926540374756,0.3422964811325073,0.056700803339481354,0.0015319956000894308,0.0,3.450581061770208e-05,0.005015796981751919,0.004059433937072754,0.0007777214050292969
94000,0.12071385979652405,0.09912417829036713,0.02010641247034073,0.0014832722954452038,0.0,1.0111012670677155e-05,0.0027151331305503845,0.002869129180908203,-0.0005004405975341797
95000,0.13568423688411713,0.10037923604249954,0.03386257588863373,0.0014424168039113283,0.0,1.0260616363666486e-05,0.002735146088525653,0.0036635398864746094,-0.0003491640090942383
96000,0.14948874711990356,0.10040869563817978,0.047657936811447144,0.0014221041928976774,0.0,1.0241275958833285e-05,0.0027325672563165426,0.005407571792602539,-0.0016186237335205078
97000,0.22336548566818237,0.10245175659656525,0.11955100297927856,0.0013627272564917803,0.0,1.0554091204539873e-05,0.002773985732346773,0.005182981491088867,-0.0003172159194946289
98000,0.2571605145931244,0.12510718405246735,0.130691796541214,0.001361530041322112,0.0,1.2767182852257974e-05,0.0030509941279888153,0.002368330955505371,0.0009644031524658203
99000,0.15151886641979218,0.1289316862821579,0.021277233958244324,0.0013099497882649302,0.0,1.3196342479204759e-05,0.00310184876434505,0.0048160552978515625,-0.00015497207641601562
100000,0.11720456928014755,0.09577682614326477,0.02016473188996315,0.0012630134588107467,0.0,9.892918569676112e-06,0.0026856909971684217,0.003425121307373047,-0.0010895729064941406
101000,0.2897835075855255,0.11927830427885056,0.16929231584072113,0.0012128830421715975,0.0,1.212638926517684e-05,0.0029734426643699408,0.00440526008605957,-0.0008758902549743652
102000,0.11818688362836838,0.10007800161838531,0.016933634877204895,0.0011752462014555931,0.0,1.0206998013018165e-05,0.0027279905043542385,0.0033957958221435547,-0.0002605319023132324
103000,0.31359198689460754,0.1386774480342865,0.17372283339500427,0.001191700459457934,0.0,1.4320731679617893e-05,0.003231293521821499,0.0036177635192871094,-0.0017844438552856445
104000,0.10212822258472443,0.09470906108617783,0.006279888097196817,0.0011392729356884956,0.0,9.692309504316654e-06,0.002658321289345622,0.004322409629821777,-0.0004642009735107422
105000,0.3656057119369507,0.3025859296321869,0.06195560097694397,0.0010641715489327908,0.0,3.0386901926249266e-05,0.004706922452896833,0.0025829076766967773,7.176399230957031e-05
106000,0.4065771698951721,0.2174912691116333,0.1880243420600891,0.0010615665232762694,0.0,2.1708463464165106e-05,0.003978399094194174,0.0034025907516479492,-0.0002588629722595215
107000,0.10597535967826843,0.09444678574800491,0.010538877919316292,0.000989699736237526,0.0,9.689517355582211e-06,0.0026579382829368114,0.0037508010864257812,7.450580596923828e-05
108000,0.2388252317905426,0.09816429764032364,0.1396927833557129,0.000968156149610877,0.0,9.96635662886547e-06,0.00269564101472497,0.003736734390258789,0.0008660554885864258
109000,0.16039808094501495,0.12382080405950546,0.035630963742733,0.0009463101741857827,0.0,1.2692790733126458e-05,0.003042092313989997,0.004098773002624512,-0.0010141730308532715
110000,0.17896120250225067,0.11882666498422623,0.059224553406238556,0.0009099874296225607,0.0,1.2119435268687084e-05,0.0029725900385528803,0.0025904178619384766,-0.000662386417388916
111000,0.3084872364997864,0.09628572314977646,0.2113334834575653,0.0008680300088599324,0.0,9.964490345737431e-06,0.0026953883934766054,0.003763556480407715,-0.0008696913719177246
112000,0.12774454057216644,0.11408472061157227,0.012827354483306408,0.0008324674563482404,0.0,1.1704479220497888e-05,0.0029212578665465117,0.0033730268478393555,-0.0014334321022033691
113000,0.140566885471344,0.12569132447242737,0.014065582305192947,0.0008099881815724075,0.0,1.2849832273786888e-05,0.003060853574424982,0.004070639610290527,0.0003230571746826172
114000,0.17824380099773407,0.10257314145565033,0.07491310685873032,0.0007575553609058261,0.0,1.053529376804363e-05,0.002771514467895031,0.004431605339050293,-0.0011671185493469238
115000,0.24482126533985138,0.16205349564552307,0.08204969763755798,0.0007180749671533704,0.0,1.657518259889912e-05,0.0034763456787914038,0.004159808158874512,-0.0016169548034667969
116000,0.12259552627801895,0.10231229662895203,0.01959809847176075,0.0006851309444755316,0.0,1.0554328582657035e-05,0.0027740171644836664,0.0038950443267822266,-0.00045931339263916016
117000,0.16181346774101257,0.09618686884641647,0.06507159769535065,0.0005550160421989858,0.0,9.823967957345303e-06,0.0026763153728097677,0.005133509635925293,-0.00013184547424316406
118000,0.22760522365570068,0.19322627782821655,0.03383612260222435,0.0005428176373243332,0.0,1.9614690245362e-05,0.003781678155064583,0.002650022506713867,8.654594421386719e-05
119000,0.13785140216350555,0.12264253944158554,0.014734998345375061,0.00047387045924551785,0.0,1.2512055945990141e-05,0.0030203561764210463,0.004176735877990723,-0.0009027719497680664
120000,0.2437838464975357,0.17836615443229675,0.06505967676639557,0.00035800921614281833,0.0,1.799311394279357e-05,0.003621987998485565,0.003825664520263672,-0.00045692920684814453
121000,0.2469884604215622,0.11171222478151321,0.13501672446727753,0.00025951076531782746,0.0,1.1369589628884569e-05,0.0028791625518351793,0.004641294479370117,-0.0012972354888916016
122000,0.12198350578546524,0.09605710208415985,0.02573433704674244,0.00019207139848731458,0.0,9.855685675574932e-06,0.002680632285773754,0.003825068473815918,-0.0012099146842956543
123000,0.1251210868358612,0.09771391749382019,0.027283575385808945,0.00012359413085505366,0.0,9.982712072087452e-06,0.0026978517416864634,0.004905223846435547,-0.00046181678771972656
124000,0.13148321211338043,0.10149091482162476,0.029909035190939903,8.326656825374812e-05,0.0,1.04367327367072e-05,0.002758519724011421,0.001841425895690918,-0.001455068588256836
125000,0.14050395786762238,0.09720157086849213,0.04326046258211136,4.191081097815186e-05,0.0,9.93081175693078e-06,0.0026908295694738626,0.0040329694747924805,-0.0005373358726501465
126000,0.3575661778450012,0.16957958042621613,0.18796266615390778,2.3923563276184723e-05,0.0,1.718468229228165e-05,0.003539684694260359,0.003554224967956543,-0.0014747977256774902
127000,0.3548576533794403,0.1931459754705429,0.16169238090515137,1.9281147615402006e-05,0.0,1.942699236678891e-05,0.0037635406479239464,0.003001689910888672,-0.001728653907775879
128000,0.15855103731155396,0.14565208554267883,0.012883557938039303,1.5387371604447253e-05,0.0,1.4775750059925485e-05,0.0032822268549352884,0.004423260688781738,-0.0009399056434631348
129000,0.2401846945285797,0.18239983916282654,0.05777045711874962,1.4401583030121401e-05,0.0,1.843108475441113e-05,0.0036658041644841433,0.004091501235961914,-0.0016692280769348145
130000,0.11785037070512772,0.09470873326063156,0.023131664842367172,9.974412023439072e-06,0.0,9.720667549117934e-06,0.002662207232788205,0.003832697868347168,-0.0008835196495056152
131000,0.1543276458978653,0.1153412014245987,0.038979217410087585,7.226380603242433e-06,0.0,1.1768589502025861e-05,0.0029292472172528505,0.0032546520233154297,-0.00010764598846435547
132000,0.11226337403059006,0.09572350233793259,0.01653401181101799,5.864334525540471e-06,0.0,9.83496011031093e-06,0.0026778122410178185,0.0028983354568481445,-0.00024050474166870117
133000,0.09873174875974655,0.09432075172662735,0.004402793012559414,8.200437150662765e-06,0.0,9.666215191828087e-06,0.0026547403540462255,0.004255771636962891,-8.130073547363281e-05
134000,0.18414583802223206,0.16920804977416992,0.014927200973033905,1.0575087799225003e-05,0.0,1.7205606127390638e-05,0.0035418388433754444,0.003997445106506348,-0.00043708086013793945
135000,0.10815496742725372,0.09947115927934647,0.00866846926510334,1.5344419807661325e-05,0.0,1.0187775842496194e-05,0.002725420519709587,0.004736542701721191,0.00025522708892822266
136000,0.3019614517688751,0.17271128296852112,0.12924203276634216,8.149914719979279e-06,0.0,1.7534594007884152e-05,0.0035755401477217674,0.003979921340942383,-0.0006126165390014648
137000,0.13612784445285797,0.10668865591287613,0.029429087415337563,1.0110372386407107e-05,0.0,1.0990755072270986e-05,0.0028307896573096514,0.003927111625671387,-0.00015735626220703125
138000,0.15535703301429749,0.1449110209941864,0.010434212163090706,1.1797884326369967e-05,0.0,1.4717727026436478e-05,0.0032757760491222143,0.0032442808151245117,-0.0008828043937683105
139000,0.10605762898921967,0.0951223149895668,0.010918430984020233,1.6886566299945116e-05,0.0,9.784655048861168e-06,0.0026709551457315683,0.003910422325134277,-0.0014466643333435059
140000,0.13522392511367798,0.09563323855400085,0.03957377374172211,1.6911832062760368e-05,0.0,9.812815733312164e-06,0.0026747959200292826,0.003493070602416992,-0.0016712546348571777
141000,0.2077741175889969,0.10021567344665527,0.10754131525754929,1.7125923477578908e-05,0.0,1.0326495612389408e-05,0.002743912860751152,0.0035680532455444336,0.0006644725799560547
142000,0.10944824665784836,0.09861041605472565,0.01081711146980524,2.071713242912665e-05,0.0,1.0129165275429841e-05,0.0027175694704055786,0.004397153854370117,-0.0008319616317749023
143000,0.12377016991376877,0.09627470374107361,0.02747187949717045,2.35888765018899e-05,0.0,9.911654160532635e-06,0.0026882330421358347,0.004791259765625,-0.00047791004180908203
144000,0.11448997259140015,0.09477029740810394,0.019691290333867073,2.8384331017150544e-05,0.0,9.777042578207329e-06,0.0026699157897382975,0.0052258968353271484,-0.0009287595748901367
145000,0.2917313575744629,0.17861536145210266,0.11308126151561737,3.474454570095986e-05,0.0,1.8230359273729846e-05,0.0036457881797105074,0.0031828880310058594,-0.0018386244773864746
146000,0.3161751627922058,0.11594849079847336,0.2001769244670868,4.975294723408297e-05,0.0,1.1945099686272442e-05,0.0029511325992643833,0.0036236047744750977,-0.0007097721099853516
147000,0.11706603318452835,0.09451061487197876,0.022528745234012604,2.66694332822226e-05,0.0,9.726925782160833e-06,0.002663064282387495,0.004247069358825684,-0.00116807222366333
148000,0.3192768394947052,0.10136517882347107,0.21788688004016876,2.476245026628021e-05,0.0,1.0301002475898713e-05,0.0027405237779021263,0.0032782554626464844,-0.0010170340538024902
149000,0.1715508997440338,0.09913235157728195,0.07237448543310165,4.405899017001502e-05,0.0,1.0187641237280332e-05,0.002725402358919382,0.0034923553466796875,-0.0005478262901306152
150000,0.17743323743343353,0.09483274817466736,0.08254799246788025,5.249295645626262e-05,0.0,9.765513823367655e-06,0.00266834138892591,0.0032738447189331055,-0.0011196732521057129
151000,0.21156080067157745,0.10356863588094711,0.10792797803878784,6.417721306206658e-05,0.0,1.054476342687849e-05,0.002772759646177292,0.0037256479263305664,-0.00107651948928833
152000,0.13075697422027588,0.09525352716445923,0.035467181354761124,3.626452962635085e-05,0.0,9.735314051795285e-06,0.0026642121374607086,0.003537416458129883,-0.0009489655494689941
153000,0.11463003605604172,0.09683357179164886,0.017754562199115753,4.1901857912307605e-05,0.0,9.98136692942353e-06,0.0026976701337844133,0.004360795021057129,-0.0014900565147399902
154000,0.1850263625383377,0.16844622790813446,0.01652243547141552,5.769676499767229e-05,0.0,1.7091999325202778e-05,0.00353012653067708,0.0034328699111938477,0.0005462169647216797
155000,0.22130648791790009,0.1648366004228592,0.05642448365688324,4.539917426882312e-05,0.0,1.6597321518929675e-05,0.003478666767477989,0.0036579370498657227,-0.0011401176452636719
156000,0.2307451218366623,0.11746101081371307,0.11323915421962738,4.495502798818052e-05,0.0,1.1951160558965057e-05,0.0029518811497837305,0.0027997493743896484,-0.0008228421211242676
157000,0.13690285384655,0.09496855735778809,0.04188493639230728,4.936039476888254e-05,0.0,9.750780009198934e-06,0.0026663276366889477,0.004678130149841309,-0.0008573532104492188
158000,0.14424607157707214,0.10566146671772003,0.0385180227458477,6.65737024974078e-05,0.0,1.0827028745552525e-05,0.0028096255846321583,0.0037107467651367188,-0.0013009309768676758
159000,0.12831629812717438,0.10577251762151718,0.02248413674533367,5.9645888541126624e-05,0.0,1.0802517863339745e-05,0.0028064437210559845,0.0032176971435546875,-0.0016846656799316406
160000,0.4638286828994751,0.2362571507692337,0.2275191843509674,5.232652620179579e-05,0.0,2.395436604274437e-05,0.004179132636636496,0.0036240816116333008,-0.0012192130088806152
161000,0.09898555278778076,0.09583599120378494,0.003089908044785261,5.965708987787366e-05,0.0,9.85831138677895e-06,0.002680989447981119,0.0031930208206176758,-0.002054274082183838
162000,0.23283398151397705,0.09943640232086182,0.13334083557128906,5.674955900758505e-05,0.0,1.0099182873091195e-05,0.002713544527068734,0.0033277273178100586,-0.0010698437690734863
163000,0.10417891293764114,0.09532593190670013,0.00877324864268303,7.972827006597072e-05,0.0,9.77731542661786e-06,0.0026699532754719257,0.004392862319946289,-0.0009001493453979492
164000,0.10605873912572861,0.10018698126077652,0.005797914694994688,7.384344644378871e-05,0.0,1.027771122608101e-05,0.002737423637881875,0.002830982208251953,-0.00037491321563720703
165000,0.106413334608078,0.10198117792606354,0.004360076040029526,7.20770622137934e-05,0.0,1.047621299221646e-05,0.002763732336461544,0.0024546384811401367,-0.0005329251289367676
166000,0.10660414397716522,0.09637103974819183,0.010158148594200611,7.495265890611336e-05,0.0,9.904236321744975e-06,0.0026872267480939627,0.0029703378677368164,-0.0012671351432800293
167000,0.1160503551363945,0.09484804421663284,0.021115820854902267,8.649566007079557e-05,0.0,9.726089047035202e-06,0.0026629494968801737,0.004549741744995117,-0.0011010169982910156
168000,0.1897810697555542,0.15620823204517365,0.03349488973617554,7.795296551194042e-05,0.0,1.57976337504806e-05,0.003393828170374036,0.0014041662216186523,-0.0017445683479309082
169000,0.11325275897979736,0.099990613758564,0.013174188323318958,8.795750909484923e-05,0.0,1.0262842806696426e-05,0.0027354429475963116,0.003588438034057617,0.0005928277969360352
170000,0.14669930934906006,0.12101367115974426,0.025588402524590492,9.722368122311309e-05,0.0,1.2319470442889724e-05,0.002997021423652768,0.0036880970001220703,-0.0016087889671325684
171000,0.11757024377584457,0.10106270760297775,0.016416659578680992,9.087299986276776e-05,0.0,1.0364671652496327e-05,0.002748980186879635,0.0010325908660888672,-0.001658797264099121
172000,0.09910698235034943,0.09444485604763031,0.0045737940818071365,8.83338216226548e-05,0.0,9.721073183754925e-06,0.0026622628793120384,0.0026901960372924805,-0.0005924701690673828
173000,0.23570586740970612,0.10960487276315689,0.12600785493850708,9.314260387327522e-05,0.0,1.1111670573882293e-05,0.00284631852991879,0.0035703182220458984,-0.0005434155464172363
174000,0.17585183680057526,0.10297848284244537,0.07276420295238495,0.00010914556332863867,0.0,1.0619340173434466e-05,0.0027825473807752132,0.004099130630493164,-0.0010156035423278809
175000,0.10244331508874893,0.09432928264141083,0.008016946725547314,9.708659490570426e-05,0.0,9.709197911433876e-06,0.0026606363244354725,0.003227829933166504,-0.0013775825500488281
176000,0.16327917575836182,0.10344476997852325,0.05972524732351303,0.00010916177416220307,0.0,1.0580055459286086e-05,0.0027773960027843714,0.0041332244873046875,-0.0018956661224365234
177000,0.12133057415485382,0.10361985117197037,0.01760053262114525,0.00011019698285963386,0.0,1.0671090421965346e-05,0.002789319260045886,0.003989100456237793,-0.002373993396759033
178000,0.1559423804283142,0.11136733740568161,0.04447228088974953,0.00010275810200255364,0.0,1.138322022598004e-05,0.002880888059735298,0.0028810501098632812,-0.0013063549995422363
179000,0.35613927245140076,0.20374922454357147,0.15227195620536804,0.00011810599244199693,0.0,2.0593515728251077e-05,0.0038748872466385365,0.0027091503143310547,-0.0012190937995910645
180000,0.13348786532878876,0.09444990009069443,0.03891022875905037,0.00012773257913067937,0.0,9.73351052380167e-06,0.0026639653369784355,0.0030394792556762695,-0.002340078353881836
181000,0.12333322316408157,0.09469576179981232,0.028515569865703583,0.00012188800610601902,0.0,9.76155570242554e-06,0.002667800523340702,0.0018193721771240234,-0.001784682273864746
182000,0.2216978818178177,0.14420753717422485,0.07736734300851822,0.0001230131892953068,0.0,1.4664173249911983e-05,0.0032698106952011585,0.00422060489654541,-0.001469254493713379
183000,0.15326116979122162,0.10594561696052551,0.047190047800540924,0.00012551207328215241,0.0,1.098650955100311e-05,0.0028302427381277084,0.0039403438568115234,-0.00028890371322631836
184000,0.11984462291002274,0.10048722475767136,0.019226133823394775,0.00013126395060680807,0.0,1.035805053106742e-05,0.0027481019496917725,0.00248563289642334,-0.0018349289894104004
185000,0.20560215413570404,0.18242183327674866,0.023047417402267456,0.00013289898924995214,0.0,1.8504120816942304e-05,0.003673060331493616,0.0036388635635375977,-0.0006428360939025879
186000,0.0950506255030632,0.09421054273843765,0.0007106094271875918,0.00012947904178872705,0.0,9.68223230302101e-06,0.002656938973814249,0.0032167434692382812,-0.0009506344795227051
187000,0.13305677473545074,0.09578721970319748,0.03713744878768921,0.00013209694589022547,0.0,9.834848242462613e-06,0.002677797107025981,0.0019646883010864258,5.4955482482910156e-05
188000,0.13591022789478302,0.09737236797809601,0.03841434419155121,0.0001235197705682367,0.0,9.916668204823509e-06,0.002688912907615304,0.0028330087661743164,-0.0012967586517333984
189000,0.22145043313503265,0.12392150610685349,0.09737695008516312,0.00015198202163446695,0.0,1.2586942830239423e-05,0.003029381390661001,0.0020858049392700195,-0.00043469667434692383
190000,0.1822005659341812,0.1128615140914917,0.06921039521694183,0.00012865409371443093,0.0,1.1587887456698809e-05,0.002906671492382884,0.0025697946548461914,-0.00034368038177490234
191000,0.182610422372818,0.09631310403347015,0.08617313206195831,0.0001241873687831685,0.0,9.909423170029186e-06,0.0026879303622990847,0.003802061080932617,-0.0015794038772583008
192000,0.10759074985980988,0.09612229466438293,0.011262831278145313,0.00020561866404023021,0.0,9.897882591758389e-06,0.002686364809051156,0.0023496150970458984,-0.0018393397331237793
193000,0.14559997618198395,0.0946628674864769,0.050776273012161255,0.00016083501395769417,0.0,9.694784239400178e-06,0.0026586607564240694,0.0031816959381103516,-0.0016123056411743164
194000,0.13988441228866577,0.10334622114896774,0.03639350086450577,0.00014468294102698565,0.0,1.061785951605998e-05,0.0027823534328490496,0.003505229949951172,-0.00283128023147583
195000,0.33782726526260376,0.09996761381626129,0.2376435548067093,0.0002161080192308873,0.0,1.0255021152261179e-05,0.0027344003319740295,0.0028076171875,-0.001484692096710205
196000,0.13303706049919128,0.09752344340085983,0.03536226972937584,0.00015135074499994516,0.0,1.0027285497926641e-05,0.002703868318349123,0.0025507211685180664,-0.0029889345169067383
197000,0.19861522316932678,0.09720098972320557,0.10126610100269318,0.00014813247253187,0.0,1.0034385923063383e-05,0.0027048252522945404,0.0039806365966796875,-0.0019789934158325195
198000,0.12269182503223419,0.10512159019708633,0.01741284690797329,0.00015738903312012553,0.0,1.0774245311040431e-05,0.002802768722176552,0.00254058837890625,-0.0012660622596740723
199000,0.09781264513731003,0.09421833604574203,0.0034346990287303925,0.0001596149813849479,0.0,9.676105946709868e-06,0.002656098222360015,0.003661513328552246,-0.002420485019683838
200000,0.1435551643371582,0.09506084769964218,0.048338860273361206,0.0001554485788801685,0.0,9.793783647182863e-06,0.0026722007896751165,0.002458333969116211,-0.00228041410446167
201000,0.15021255612373352,0.09779636561870575,0.05224837362766266,0.00016781817248556763,0.0,1.0099955943587702e-05,0.002713648369535804,0.0037407875061035156,-0.002284526824951172
202000,0.268766313791275,0.09835978597402573,0.1701841801404953,0.0002223658375442028,0.0,1.0099848623212893e-05,0.0027136339340358973,0.0031900405883789062,-0.001196742057800293
203000,0.11507668346166611,0.09518639743328094,0.01972009241580963,0.0001701926375972107,0.0,9.745091119839344e-06,0.0026655497495085,0.0037627220153808594,-0.001913905143737793
204000,0.13923129439353943,0.09474325180053711,0.0443221852183342,0.00016584785771556199,0.0,9.77173840510659e-06,0.0026691914536058903,0.0014576911926269531,0.00019490718841552734
205000,0.10073927789926529,0.09596603363752365,0.004605920985341072,0.00016732387302909046,0.0,9.859746569418348e-06,0.002681184560060501,0.002920866012573242,-0.0016778111457824707
206000,0.141797736287117,0.09467418491840363,0.04696110635995865,0.0001624440774321556,0.0,9.789801879378501e-06,0.002671657595783472,0.0028644800186157227,-0.0010626912117004395
207000,0.11503871530294418,0.09447567909955978,0.020377811044454575,0.00018522754544392228,0.0,9.709227015264332e-06,0.002660640049725771,0.0032236576080322266,-0.0020155906677246094
208000,0.13911888003349304,0.12158948183059692,0.017350081354379654,0.0001793259143596515,0.0,1.2406227142491844e-05,0.003007555613294244,0.0034203529357910156,-0.001101851463317871
209000,0.14876042306423187,0.10775409638881683,0.040833257138729095,0.00017307838425040245,0.0,1.1065288163081277e-05,0.0028403718024492264,0.003205418586730957,-0.001164257526397705
210000,0.13772332668304443,0.1225520521402359,0.014995211735367775,0.00017605281027499586,0.0,1.2560803043015767e-05,0.003026234218850732,0.0035294294357299805,-0.0011774897575378418
211000,0.11939693242311478,0.10729211568832397,0.011914972215890884,0.00018985080532729626,0.0,1.0989701877406333e-05,0.002830653917044401,0.003293752670288086,-0.0018500089645385742
212000,0.19352401793003082,0.1438174545764923,0.04952685534954071,0.00017971504712477326,0.0,1.4627184100390878e-05,0.003265684237703681,0.0034546852111816406,-0.0012162327766418457
213000,0.16431207954883575,0.10932357609272003,0.054810017347335815,0.00017848095740191638,0.0,1.1218096005904954e-05,0.0028599167708307505,0.002206087112426758,-0.001934826374053955
214000,0.1317182034254074,0.09982752799987793,0.031705182045698166,0.0001854919973993674,0.0,1.0294878848071676e-05,0.0027397091034799814,0.003721952438354492,-0.0029227733612060547
215000,0.19043447077274323,0.111994668841362,0.0782402828335762,0.0001995160710066557,0.0,1.1523330613272265e-05,0.0028985636308789253,0.0033528804779052734,-0.0024862289428710938
216000,0.10535424202680588,0.09666721522808075,0.008502289652824402,0.00018474028911441565,0.0,9.92278910416644e-06,0.0026897424831986427,0.004276752471923828,-0.0021216869354248047
217000,0.10147082060575485,0.09439181536436081,0.0068934098817408085,0.0001855904993135482,0.0,9.688605132396333e-06,0.0026578132528811693,0.0030694007873535156,-0.0010393857955932617
218000,0.17464959621429443,0.10310571640729904,0.07133468985557556,0.00020918561494909227,0.0,1.0593879778753035e-05,0.002779209753498435,0.003123044967651367,-0.0017590522766113281
219000,0.09547396749258041,0.09419292956590652,0.0010871496051549911,0.0001938851928571239,0.0,9.679371032689232e-06,0.002656546188518405,0.00264585018157959,-0.0012379884719848633
220000,0.12887880206108093,0.11014283448457718,0.018529295921325684,0.00020667535136453807,0.0,1.1276357327005826e-05,0.002867333823814988,0.0029829740524291992,-0.001520693302154541
221000,0.2435424029827118,0.13513796031475067,0.10820253193378448,0.0002019117964664474,0.0,1.3760448382527102e-05,0.003167452523484826,0.0032597780227661133,-0.002100825309753418
222000,0.09801144897937775,0.09432641416788101,0.0034891096875071526,0.0001959248329512775,0.0,9.70591736404458e-06,0.002660186728462577,0.003094315528869629,-0.0012316107749938965
223000,0.12184452265501022,0.0958302915096283,0.025817502290010452,0.00019673455972224474,0.0,9.899240467348136e-06,0.0026865489780902863,0.0030274391174316406,-0.0018778443336486816
224000,0.13344812393188477,0.09553220123052597,0.03770685940980911,0.00020905816927552223,0.0,9.898782082018442e-06,0.0026864868123084307,0.002450108528137207,-0.0010588765144348145
225000,0.13069766759872437,0.09589748829603195,0.03459303826093674,0.00020714820129796863,0.0,9.848268746281974e-06,0.002679623430594802,0.002634763717651367,-0.0019453763961791992
226000,0.18968422710895538,0.15829533338546753,0.031182948499917984,0.00020595232490450144,0.0,1.6135098121594638e-05,0.0034298854880034924,0.003014206886291504,-0.002243936061859131
227000,0.13665781915187836,0.11490333080291748,0.021546021103858948,0.00020846315601374954,0.0,1.1719792382791638e-05,0.002923168009147048,0.0034682750701904297,-0.0016167163848876953
228000,0.12317723035812378,0.0967099666595459,0.02626027539372444,0.0002069952606689185,0.0,9.988737474486697e-06,0.002698665950447321,0.0027059316635131836,-0.0030178427696228027
229000,0.18060044944286346,0.09950509667396545,0.08090420812368393,0.0001911407453007996,0.0,1.0185169230680913e-05,0.0027250717394053936,0.003245711326599121,-0.0018602609634399414
230000,0.10792887955904007,0.09560149163007736,0.012115552090108395,0.00021183141507208347,0.0,9.806000889511779e-06,0.0026738669257611036,0.0033894777297973633,-0.0026012659072875977
231000,0.09654030948877335,0.09420809894800186,0.002130801323801279,0.00020140889682807028,0.0,9.679091817815788e-06,0.0026565080042928457,0.002634882926940918,-0.0008963942527770996
232000,0.17007803916931152,0.09556299448013306,0.07430431246757507,0.00021072682284284383,0.0,9.82144229055848e-06,0.002675971481949091,0.0025151968002319336,-0.001840054988861084
233000,0.11920031905174255,0.0946098119020462,0.024386387318372726,0.0002041156403720379,0.0,9.75866805674741e-06,0.0026674058753997087,0.002611875534057617,-0.001681685447692871
234000,0.16881662607192993,0.1013089120388031,0.06729747354984283,0.00021023843146394938,0.0,1.0278862646373454e-05,0.002737577073276043,0.0021897554397583008,-0.0019437074661254883
235000,0.11839848756790161,0.11165882647037506,0.006527500227093697,0.00021216331515461206,0.0,1.1446360986155923e-05,0.0028888669330626726,0.002772092819213867,-0.0024923086166381836
236000,0.115702785551548,0.09457267820835114,0.020910248160362244,0.0002198591537307948,0.0,9.713349754747469e-06,0.002661205129697919,0.003697037696838379,-0.0007028579711914062
237000,0.13457860052585602,0.10989739745855331,0.024465978145599365,0.0002152155211661011,0.0,1.126737151935231e-05,0.002866191091015935,0.0016454458236694336,-0.0019063353538513184
238000,0.1546783447265625,0.09639815241098404,0.05805978924036026,0.0002204103220719844,0.0,9.890806722978596e-06,0.002685404382646084,0.0023877620697021484,-0.002591073513031006
239000,0.15736950933933258,0.10621961206197739,0.050941452383995056,0.00020845787366852164,0.0,1.0825227036548313e-05,0.0028093920554965734,0.0029082298278808594,-0.0005066394805908203
240000,0.1452789306640625,0.12704895436763763,0.018015334382653236,0.00021463326993398368,0.0,1.2977864571439568e-05,0.0030760644003748894,0.0023938417434692383,-0.0015097856521606445
241000,0.10051998496055603,0.09456054866313934,0.005746162962168455,0.00021327155991457403,0.0,9.738960216054693e-06,0.002664711093530059,0.002651691436767578,-0.0028561949729919434
242000,0.1899198293685913,0.09794755280017853,0.09175175428390503,0.00022051669657230377,0.0,1.0043280781246722e-05,0.0027060238644480705,0.004845261573791504,-0.0032648444175720215
243000,0.29986491799354553,0.13016386330127716,0.16947659850120544,0.0002244419592898339,0.0,1.3399970157479402e-05,0.003125688759610057,0.0013152360916137695,-0.0031551122665405273
244000,0.16575461626052856,0.1368298977613449,0.02869032695889473,0.00023438947391696274,0.0,1.3862307241652161e-05,0.0031791541259735823,0.003059864044189453,-0.0017442107200622559
245000,0.11782491952180862,0.10045603662729263,0.017149124294519424,0.00021975254639983177,0.0,1.0292072147422004e-05,0.0027393356431275606,0.0032804012298583984,-0.0012829303741455078
246000,0.16705739498138428,0.12137462198734283,0.04547197371721268,0.00021079322323203087,0.0,1.2310712918406352e-05,0.002995955990627408,0.002933979034423828,-0.002516329288482666
247000,0.12644578516483307,0.09681430459022522,0.029417233541607857,0.0002142425801139325,0.0,9.943874829332344e-06,0.0026925988495349884,0.002336740493774414,-0.0018531084060668945
248000,0.09697448462247849,0.09430238604545593,0.0024489103816449642,0.00022318919945973903,0.0,9.71597182797268e-06,0.002661564154550433,0.0025566816329956055,-0.0025863051414489746
249000,0.16737894713878632,0.09781768918037415,0.06931693106889725,0.0002443321864120662,0.0,1.005572994472459e-05,0.002707700477913022,0.0019992589950561523,-0.002260565757751465
250000,0.13810718059539795,0.09745694696903229,0.040426742285490036,0.00022348080528900027,0.0,1.0078913874167483e-05,0.0027108201757073402,0.003602147102355957,-0.0017682909965515137
251000,0.11620056629180908,0.1020762249827385,0.01390442531555891,0.00021991693938616663,0.0,1.0494714842934627e-05,0.0027661717031151056,0.0039130449295043945,-0.0014820694923400879
252000,0.24386757612228394,0.12981964647769928,0.11380057036876678,0.0002473652712069452,0.0,1.3301317267178092e-05,0.003114161780104041,0.0025779008865356445,-0.002085387706756592
253000,0.14095374941825867,0.09546466916799545,0.04527202248573303,0.00021705529070459306,0.0,9.755757673701737e-06,0.0026670079678297043,0.0031011104583740234,-0.0023804306983947754
254000,0.09497077018022537,0.09413644671440125,0.0005559402634389699,0.00027838326059281826,0.0,9.68050881056115e-06,0.0026567024178802967,0.002783536911010742,-0.0017357468605041504
255000,0.18358567357063293,0.10800309479236603,0.07533104717731476,0.00025153064052574337,0.0,1.1048329724872019e-05,0.0028381943702697754,0.0023610591888427734,-0.0018197298049926758
256000,0.09740780293941498,0.09439528733491898,0.0027857753448188305,0.00022674506180919707,0.0,9.72263569565257e-06,0.0026624768506735563,0.001956462860107422,-0.0004387497901916504
257000,0.10305814445018768,0.09760037809610367,0.005224893800914288,0.0002328762784600258,0.0,1.002929093374405e-05,0.002704138634726405,0.0028949975967407227,-0.0013321638107299805
258000,0.15022839605808258,0.09735210984945297,0.052623942494392395,0.0002523529692552984,0.0,9.996922017307952e-06,0.0026997714303433895,0.0036684274673461914,-0.0018225908279418945
259000,0.13541501760482788,0.11069988459348679,0.024473540484905243,0.00024158632731996477,0.0,1.1302650818834081e-05,0.0028706747107207775,0.003562331199645996,-0.0011112093925476074
260000,0.11924571543931961,0.11186757683753967,0.0071375686675310135,0.00024057039991021156,0.0,1.1452999387984164e-05,0.0028897046577185392,0.0021001100540161133,-0.001682281494140625
261000,0.15442128479480743,0.1014847531914711,0.05269583314657211,0.00024069452774710953,0.0,1.0405538887425791e-05,0.0027543941978365183,0.0025316476821899414,-0.0013744831085205078
262000,0.17938552796840668,0.10229325294494629,0.07685814797878265,0.00023412735026795417,0.0,1.0648380339262076e-05,0.002786349505186081,0.002659440040588379,-0.0026470422744750977
263000,0.09717881679534912,0.09418947994709015,0.002764570526778698,0.000224766117753461,0.0,9.688327736512292e-06,0.00265777506865561,0.003404378890991211,-0.0015607476234436035
264000,0.3683777153491974,0.315828412771225,0.05230582877993584,0.00024348808801732957,0.0,3.1946176022756845e-05,0.004826177377253771,0.0024684667587280273,-0.0011696219444274902
265000,0.10737413913011551,0.09485965967178345,0.012297211214900017,0.0002172639942727983,0.0,9.789892828848679e-06,0.0026716699358075857,0.0022385120391845703,-0.0019490718841552734
266000,0.138348788022995,0.10382001101970673,0.034168027341365814,0.0003607582184486091,0.0,1.0720686987042427e-05,0.002795793814584613,5.626678466796875e-05,-0.0005597472190856934
267000,0.20127466320991516,0.13146908581256866,0.06958136707544327,0.0002242000336991623,0.0,1.3416321962722577e-05,0.0031275954097509384,0.0030859708786010742,-0.0016352534294128418
268000,0.12352883815765381,0.09956205636262894,0.02374553680419922,0.00022124395763967186,0.0,1.0164969353354536e-05,0.002722368109971285,0.0024846792221069336,-0.000931084156036377
269000,0.10698740929365158,0.09550590813159943,0.01126006431877613,0.00022144074318930507,0.0,9.845109161688015e-06,0.002679193625226617,0.0034102201461791992,-0.0018742680549621582
270000,0.12999090552330017,0.11884026229381561,0.01092451810836792,0.00022612678003497422,0.0,1.2162987331976183e-05,0.0029779262840747833,0.003593921661376953,-0.0029950737953186035
271000,0.12348554283380508,0.10466746985912323,0.018582582473754883,0.00023549265461042523,0.0,1.0768597348942421e-05,0.002802034141495824,0.0014498233795166016,-0.001455545425415039
272000,0.12083666771650314,0.09547782689332962,0.025125939399003983,0.00023289676755666733,0.0,9.852593393588904e-06,0.0026802117936313152,0.0028492212295532227,-0.0013690590858459473
273000,0.10879722237586975,0.09696894884109497,0.011604148894548416,0.0002241279580630362,0.0,9.971337021852378e-06,0.002696314360946417,0.0026412010192871094,-0.0024238228797912598
274000,0.09943197667598724,0.09514330327510834,0.004062509164214134,0.0002261658664792776,0.0,9.791171578399371e-06,0.0026718443259596825,0.0038262605667114258,-0.0027243494987487793
275000,0.1454860419034958,0.1181400790810585,0.027111709117889404,0.00023426221741829067,0.0,1.214651365444297e-05,0.002975909039378166,0.0018887519836425781,-0.0016565322875976562
276000,0.09890518337488174,0.09450946003198624,0.004161907359957695,0.00023381481878459454,0.0,9.726815733301919e-06,0.0026630491483956575,0.0028543472290039062,-0.0005330443382263184
277000,0.3460933566093445,0.1187027245759964,0.22709859907627106,0.00029201849247328937,0.0,1.2148020687163807e-05,0.0029760936740785837,0.0033333301544189453,-0.0017583370208740234
278000,0.3729032278060913,0.10191155225038528,0.2706296741962433,0.0003620140487328172,0.0,1.0393635420768987e-05,0.002752818400040269,0.0027178525924682617,-0.001422286033630371
279000,0.16975556313991547,0.106133833527565,0.06337407976388931,0.0002476460940670222,0.0,1.0860333532036748e-05,0.002813943661749363,0.002013683319091797,-0.002304255962371826
280000,0.11181940138339996,0.09493384510278702,0.016660340130329132,0.00022521699429489672,0.0,9.786795999389142e-06,0.0026712471153587103,0.004089236259460449,-0.0024138689041137695
281000,0.14239421486854553,0.1256386786699295,0.016533588990569115,0.0002219511370640248,0.0,1.2855565728386864e-05,0.003061536466702819,0.0034935474395751953,-0.0011571645736694336
282000,0.09843190759420395,0.09428997337818146,0.003927637357264757,0.00021429179469123483,0.0,9.674058674136177e-06,0.0026558171957731247,0.0015947818756103516,-0.0011960268020629883
283000,0.14809516072273254,0.094212107360363,0.05363556742668152,0.0002474751672707498,0.0,9.710517588246148e-06,0.002660817001014948,0.0028960704803466797,-0.0015903115272521973
284000,0.113162562251091,0.0967290997505188,0.01621352881193161,0.0002199315931648016,0.0,9.975362445402425e-06,0.002696858486160636,0.0025658607482910156,-0.0030768513679504395
285000,0.10313476622104645,0.09661106765270233,0.00629703514277935,0.00022666111181024462,0.0,9.921720447891857e-06,0.00268959766253829,0.0026564598083496094,-0.001818537712097168
286000,0.17491920292377472,0.09961925446987152,0.07507285475730896,0.00022709520999342203,0.0,1.023947788780788e-05,0.002732327440753579,0.0029723644256591797,-0.001896500587463379
287000,0.14127536118030548,0.10072363913059235,0.04033058509230614,0.00022112620354164392,0.0,1.0270540769852232e-05,0.0027364687994122505,0.0020908117294311523,-0.0023669004440307617
288000,0.095010906457901,0.09410875290632248,0.0006694130133837461,0.00023273855913430452,0.0,9.679788490757346e-06,0.002656603464856744,0.0026133060455322266,-0.0018352866172790527
289000,0.14429964125156403,0.09742520749568939,0.04665377736091614,0.00022066020756028593,0.0,1.0018413377110846e-05,0.0027026718016713858,0.002751946449279785,-0.0016801953315734863
290000,0.10167346149682999,0.09476859867572784,0.006677836179733276,0.00022702806745655835,0.0,9.754029633768369e-06,0.0026667718775570393,0.0027974843978881836,-0.0024254918098449707
291000,0.1953241229057312,0.12641219794750214,0.06869528442621231,0.00021663836378138512,0.0,1.2771875844919123e-05,0.003051554784178734,0.00232851505279541,-0.0006701946258544922
292000,0.10331381112337112,0.0990225151181221,0.004073179792612791,0.00021811829356011003,0.0,1.0203888450632803e-05,0.0027275749016553164,0.002560734748840332,-0.0020276904106140137
293000,0.09485688805580139,0.09410499781370163,0.0005433142650872469,0.00020857949857600033,0.0,9.685800250736065e-06,0.0026574283838272095,0.004446625709533691,-0.0027677416801452637
294000,0.20639771223068237,0.1736287921667099,0.03252582997083664,0.00024309594300575554,0.0,1.7646601918386295e-05,0.003586942097172141,0.0026122331619262695,-0.00225675106048584
295000,0.09746904671192169,0.0960349440574646,0.0012040381552651525,0.0002300701744388789,0.0,9.875084288069047e-06,0.002683269092813134,0.0027567148208618164,-0.0018790364265441895
296000,0.0978880524635315,0.0949511006474495,0.0027187890373170376,0.00021815949003212154,0.0,9.786801456357352e-06,0.002671248046681285,0.0008089542388916016,-0.001377105712890625
297000,0.16027376055717468,0.10217508673667908,0.05786312371492386,0.00023555289953947067,0.0,1.0507780643820297e-05,0.0027678930200636387,0.0022194385528564453,-0.00226747989654541
298000,0.1030798926949501,0.09998112916946411,0.002876861486583948,0.00022190061281435192,0.0,1.0272087820339948e-05,0.002736674854531884,0.002270221710205078,-0.002715587615966797
299000,0.11498796939849854,0.09488631784915924,0.019880693405866623,0.00022095632448326796,0.0,9.757685802469496e-06,0.0026672715321183205,0.0028716325759887695,-0.002026379108428955
300000,0.13684403896331787,0.11333952099084854,0.023266468197107315,0.00023805105593055487,0.0,1.1614885806920938e-05,0.002910055685788393,0.002314925193786621,-0.002109825611114502
301000,0.12840259075164795,0.09693345427513123,0.03125064820051193,0.0002184759359806776,0.0,9.907923413265962e-06,0.002687726868316531,0.002671480178833008,-0.0024322867393493652
302000,0.09928571432828903,0.09414484351873398,0.004917764104902744,0.00022311098291538656,0.0,9.695075277704746e-06,0.002658700570464134,0.0032464265823364258,-0.003153979778289795
303000,0.11747825890779495,0.09450125694274902,0.02276330441236496,0.00021369400201365352,0.0,9.732000762596726e-06,0.0026637588161975145,0.0027484893798828125,-0.003318965435028076
304000,0.12231023609638214,0.09442422538995743,0.027661804109811783,0.00022419934975914657,0.0,9.7081328931381e-06,0.0026604903396219015,0.0016789436340332031,-0.0007783174514770508
305000,1.4801764488220215,0.5597938895225525,0.9193074107170105,0.001075192354619503,0.0,5.642339965561405e-05,0.006413918454200029,0.0046302080154418945,-0.002222001552581787
306000,0.17028971016407013,0.10898896306753159,0.06109996885061264,0.00020078220404684544,0.0,1.1134734450024553e-05,0.0028492710553109646,0.0023783445358276367,-0.0020288825035095215
307000,0.10476542264223099,0.0950607880949974,0.009485086426138878,0.00021954778640065342,0.0,9.765811228135135e-06,0.0026683819014579058,0.002418041229248047,-0.0019512176513671875
308000,0.1092744991183281,0.09676496684551239,0.012285232543945312,0.00022430327953770757,0.0,9.932134162227158e-06,0.002691008849069476,0.0029653310775756836,-0.0024111270904541016
309000,0.11579620838165283,0.09587791562080383,0.019703334197402,0.00021495850523933768,0.0,9.867076187219936e-06,0.002682180842384696,0.0024993419647216797,-0.002289295196533203
310000,0.16126534342765808,0.10186373442411423,0.059178318828344345,0.0002232950646430254,0.0,1.0420959370094351e-05,0.002756434492766857,0.0015647411346435547,-0.0019928812980651855
311000,0.13310791552066803,0.09476763010025024,0.03811602294445038,0.00022426742361858487,0.0,9.733359547681175e-06,0.002663944847881794,0.003314971923828125,-0.0023071765899658203
312000,0.29115647077560425,0.11846473067998886,0.17233151197433472,0.0003602171200327575,0.0,1.2291763596294913e-05,0.002993649337440729,0.004367232322692871,-0.0023592710494995117
313000,0.16778472065925598,0.09648517519235611,0.07111795991659164,0.00018158505554310977,0.0,9.897132258629426e-06,0.0026862630620598793,0.002227187156677246,-0.0014543533325195312
314000,0.09963497519493103,0.09419937431812286,0.0052234213799238205,0.00021217629546299577,0.0,9.711630809761118e-06,0.002660969505086541,0.0025262832641601562,-0.0034319162368774414
315000,0.12614768743515015,0.09500408172607422,0.030935969203710556,0.00020763924112543464,0.0,9.767965821083635e-06,0.0026686761993914843,0.002569437026977539,-0.0014556646347045898
316000,0.1651538759469986,0.13436006009578705,0.030560988932847977,0.00023282394977286458,0.0,1.3721751201956067e-05,0.0031629956793040037,0.0030603408813476562,-0.001802980899810791
317000,0.1065034419298172,0.09455505013465881,0.01172916404902935,0.00021922794985584915,0.0,9.704986041469965e-06,0.002660058904439211,0.0026122331619262695,-0.0021695494651794434
318000,0.140154168009758,0.10194132477045059,0.038005582988262177,0.00020726009097415954,0.0,1.045137923938455e-05,0.0027604547794908285,0.0034332275390625,-0.0011894702911376953
319000,0.11120177060365677,0.09426674991846085,0.016721583902835846,0.00021343337721191347,0.0,9.724724804982543e-06,0.0026627627667039633,0.0020933151245117188,-0.0018739104270935059
320000,0.1706620305776596,0.12258585542440414,0.0478753000497818,0.0002008788287639618,0.0,1.2397368664096575e-05,0.003006481798365712,0.0015310049057006836,-0.0007673501968383789
321000,0.1336127519607544,0.09573687613010406,0.037659917026758194,0.00021595819271169603,0.0,9.907700587064028e-06,0.002687696600332856,0.002095937728881836,-0.0016241073608398438
322000,0.13276982307434082,0.10567749291658401,0.026888582855463028,0.00020374037558212876,0.0,1.080714810086647e-05,0.0028070451226085424,0.0028542280197143555,-0.0019490718841552734
323000,0.13949964940547943,0.10706956684589386,0.03220780938863754,0.00022228117450140417,0.0,1.099624114431208e-05,0.002831496065482497,0.002379894256591797,-0.00194549560546875
324000,0.16024883091449738,0.1288808137178421,0.03116399049758911,0.00020403321832418442,0.0,1.3164180018065963e-05,0.0030980664305388927,0.0022840499877929688,-0.0017592906951904297
325000,0.0946875587105751,0.09406771510839462,0.0003828067274298519,0.00023704077466391027,0.0,9.682162271928973e-06,0.0026569294277578592,0.004696369171142578,-0.0004938840866088867
326000,0.09796647727489471,0.09430745989084244,0.003482198342680931,0.00017681701865512878,0.0,9.734730156196747e-06,0.0026641322765499353,0.0028715133666992188,-0.0023920536041259766
327000,0.13284890353679657,0.10452151298522949,0.028097722679376602,0.00022966515098232776,0.0,1.071275801223237e-05,0.002794759813696146,0.0029828548431396484,-0.0020127296447753906
328000,0.47210296988487244,0.12864822149276733,0.3432459831237793,0.00020877488714177161,0.0,1.317810620093951e-05,0.0030997046269476414,0.0032966136932373047,-0.001923203468322754
329000,0.12110091000795364,0.09416469186544418,0.02673417329788208,0.0002020449173869565,0.0,9.707766366773285e-06,0.0026604400482028723,0.0028127431869506836,-0.002592742443084717
330000,0.1171809732913971,0.09506165981292725,0.021930985152721405,0.00018832756904885173,0.0,9.741478606883902e-06,0.002665055450052023,0.00260317325592041,-0.0009135007858276367
331000,0.2044386863708496,0.10034975409507751,0.10388593375682831,0.00020300352480262518,0.0,1.0260328053846024e-05,0.00273510767146945,0.0026067495346069336,-0.0032159090042114258
332000,0.11550597101449966,0.09460236132144928,0.020692475140094757,0.00021113290858920664,0.0,9.76398769125808e-06,0.002668132772669196,0.002791881561279297,-0.002635657787322998
333000,0.0958266332745552,0.09413166344165802,0.0014903524424880743,0.00020461675012484193,0.0,9.693826541479211e-06,0.002658529207110405,0.0023821592330932617,-0.0032206177711486816
334000,0.1069626659154892,0.0957423597574234,0.011017933487892151,0.00020237364515196532,0.0,9.863013474387117e-06,0.0026816288009285927,0.0025014877319335938,-0.002316594123840332
335000,0.100026935338974,0.0941615179181099,0.005671435035765171,0.00019398037693463266,0.0,9.709536243462935e-06,0.0026606826577335596,0.0016211271286010742,-0.0019916892051696777
336000,0.11383727937936783,0.10123047977685928,0.012402443215250969,0.00020435168698895723,0.0,1.0397908226877917e-05,0.002753384178504348,0.0027031898498535156,-0.0021892189979553223
337000,0.10517244040966034,0.09419933706521988,0.01077604666352272,0.00019705334852915257,0.0,9.691440027381759e-06,0.0026582018472254276,0.0022171735763549805,-0.0012384653091430664
338000,0.10668748617172241,0.10136844962835312,0.005128801334649324,0.00019023683853447437,0.0,1.0432992894493509e-05,0.0027580256573855877,0.00271761417388916,-0.00167924165725708
339000,0.09948291629552841,0.09656266868114471,0.0027260668575763702,0.00019418299780227244,0.0,9.921795935952105e-06,0.002689607907086611,0.0027981996536254883,-0.0016891956329345703
340000,0.19168689846992493,0.1436011642217636,0.04788234084844589,0.00020340774790383875,0.0,1.4684608686366118e-05,0.0032720882445573807,0.0019838809967041016,-0.002202630043029785
341000,0.1094709262251854,0.09902714937925339,0.010249382816255093,0.00019439611060079187,0.0,1.0173023838433437e-05,0.0027234465815126896,0.0025295019149780273,-0.0015254616737365723
342000,0.12176168709993362,0.09419434517621994,0.02738749049603939,0.00017985279555432498,0.0,9.719545232655946e-06,0.0026620535645633936,0.003006458282470703,-0.003146946430206299
343000,0.14523664116859436,0.11617721617221832,0.028868932276964188,0.00019049723050557077,0.0,1.1901866855623666e-05,0.002945787040516734,0.002529740333557129,-0.0019312500953674316
344000,0.10541138052940369,0.09550193697214127,0.009724415838718414,0.0001850293920142576,0.0,9.826396308199037e-06,0.0026766462251544,0.0015066862106323242,-0.0007822513580322266
345000,0.12127427756786346,0.10466496646404266,0.016410639509558678,0.00019866824732162058,0.0,1.0771932466013823e-05,0.002802467904984951,0.002634882926940918,-0.0020112991333007812
346000,0.12948544323444366,0.10339289158582687,0.02591008134186268,0.00018246975378133357,0.0,1.0580183698039036e-05,0.0027774127665907145,0.003292083740234375,-0.003326892852783203
347000,0.16933967173099518,0.10708541423082352,0.06206759065389633,0.00018666060350369662,0.0,1.0988826034008525e-05,0.002830540994182229,0.0032205581665039062,-0.0019037127494812012
348000,0.09880796819925308,0.094166599214077,0.004468050319701433,0.0001733190001687035,0.0,9.672053238318767e-06,0.002655541989952326,0.0021141767501831055,-0.0013854503631591797
349000,0.09492971003055573,0.09405767917633057,0.0006727187428623438,0.00019930803682655096,0.0,9.68859876593342e-06,0.0026578123215585947,0.0032052993774414062,-0.0022586584091186523
350000,0.1315372735261917,0.09855622053146362,0.032810941338539124,0.00017011052113957703,0.0,1.0203448255197145e-05,0.002727515995502472,0.0019016265869140625,-0.0016801953315734863
351000,0.13841158151626587,0.09454712271690369,0.043700940907001495,0.00016351992962881923,0.0,9.750146091391798e-06,0.0026662410236895084,0.002711176872253418,-0.001777350902557373
352000,0.09596773982048035,0.09426093101501465,0.0015265364199876785,0.00018027727492153645,0.0,9.712988685350865e-06,0.0026611555367708206,0.0032434463500976562,-0.0015287995338439941
353000,0.19504499435424805,0.12767289578914642,0.06718429923057556,0.0001878046168712899,0.0,1.3097822375129908e-05,0.0030902482103556395,0.0032002925872802734,-0.002423226833343506
354000,0.09982496500015259,0.0948081687092781,0.004844482988119125,0.0001723175955703482,0.0,9.764986316440627e-06,0.0026682692114263773,0.0019286870956420898,-0.0014606714248657227
355000,0.11458422243595123,0.10028200596570969,0.014126889407634735,0.00017532630590721965,0.0,1.0282411494699772e-05,0.0027380497194826603,0.0033599138259887695,-0.001907050609588623
356000,0.1089889332652092,0.09605977684259415,0.012762382626533508,0.0001667732431087643,0.0,9.867580047284719e-06,0.0026822492945939302,0.002874016761779785,-0.0008231997489929199
357000,0.12150756269693375,0.09566548466682434,0.025663692504167557,0.00017838894564192742,0.0,9.829795999394264e-06,0.0026771090924739838,0.002900838851928711,-0.0014747977256774902
358000,0.15039077401161194,0.12685523927211761,0.023354122415184975,0.00018141072359867394,0.0,1.298620645684423e-05,0.0030770529992878437,0.002947092056274414,-0.0015369653701782227
359000,0.23399235308170319,0.12485621124505997,0.10890617966651917,0.0002299631159985438,0.0,1.2808417523046955e-05,0.0030559170991182327,0.0024428367614746094,-0.001510024070739746
360000,0.18277762830257416,0.14362384378910065,0.03897862881422043,0.00017515804211143404,0.0,1.4691740943817422e-05,0.0032728828955441713,0.002272486686706543,-0.0017365813255310059
361000,0.10099082440137863,0.09479647874832153,0.006020309869199991,0.00017403531819581985,0.0,9.764361493580509e-06,0.0026681839954108,0.0015025138854980469,-0.0016455650329589844
362000,0.12410121411085129,0.0944821760058403,0.029442602768540382,0.0001764370535966009,0.0,9.739159395394381e-06,0.0026647383347153664,0.003795623779296875,-0.001501917839050293
363000,0.10359294712543488,0.09497616440057755,0.008447782136499882,0.00016900313494261354,0.0,9.766012226464227e-06,0.002668409375473857,0.0032080411911010742,-0.002188265323638916
364000,0.15900713205337524,0.09854376316070557,0.06030584126710892,0.00015752785839140415,0.0,1.015757879940793e-05,0.0027213783469051123,0.0034711360931396484,-0.002502739429473877
365000,0.10143312066793442,0.09862635284662247,0.002644573338329792,0.00016218851669691503,0.0,1.0152325558010489e-05,0.0027206744998693466,0.002460002899169922,-0.0020662546157836914
366000,0.1253252923488617,0.0950331762433052,0.030135178938508034,0.00015694643661845475,0.0,9.788772331376094e-06,0.002671516966074705,0.003090977668762207,-0.0014528632164001465
367000,0.09514859318733215,0.09411861002445221,0.0008690907852724195,0.00016089194105006754,0.0,9.696995221020188e-06,0.002658963669091463,0.0008200407028198242,-0.000816047191619873
368000,0.1007477343082428,0.09428592771291733,0.0062995352782309055,0.0001622705312911421,0.0,9.709566256788094e-06,0.0026606866158545017,0.0010504722595214844,-0.001913905143737793
369000,0.10227659344673157,0.09408753365278244,0.008038151077926159,0.00015091063687577844,0.0,9.687376405054238e-06,0.002657644683495164,0.0025162696838378906,-0.0016838312149047852
370000,0.11939069628715515,0.09443041682243347,0.024803902953863144,0.00015637563774362206,0.0,9.752485311764758e-06,0.002666560700163245,0.002777576446533203,-0.0018640756607055664
371000,0.09880465269088745,0.09669134020805359,0.001957245171070099,0.00015606556553393602,0.0,9.948415026883595e-06,0.0026932135224342346,0.0021663904190063477,-0.002494633197784424
372000,0.09461329132318497,0.09402912855148315,0.00037741713458672166,0.00020674527331721038,0.0,9.68632593867369e-06,0.002657500561326742,0.003953456878662109,-0.0021459460258483887
373000,0.10719630867242813,0.09696684032678604,0.01008799858391285,0.00014147322508506477,0.0,9.949131708708592e-06,0.0026933103799819946,0.002557516098022461,-0.001606762409210205
374000,0.09557956457138062,0.09477508813142776,0.0006444002501666546,0.00016007837257348,0.0,9.757199222804047e-06,0.002667205175384879,0.0026770830154418945,-0.0022395849227905273
375000,0.11841287463903427,0.09712532162666321,0.021126404404640198,0.00016114675963763148,0.0,9.990129910875112e-06,0.0026988538447767496,0.002312779426574707,-0.0032540559768676758
376000,0.10367942601442337,0.09727190434932709,0.006259341724216938,0.00014817634655628353,0.0,1.0005324838857632e-05,0.002700905781239271,0.0027300119400024414,-0.002034306526184082
377000,0.11221587657928467,0.10885336995124817,0.003200604347512126,0.0001618975366000086,0.0,1.1145356438646559e-05,0.002850629622116685,0.002494335174560547,-0.0017639398574829102
378000,0.10455707460641861,0.0950472354888916,0.009367821738123894,0.00014201902376953512,0.0,9.802341992326546e-06,0.0026733679696917534,0.0031592845916748047,-0.0014011263847351074
379000,0.12423674762248993,0.09454513341188431,0.029544565826654434,0.00014704429486300796,0.0,9.7201882454101e-06,0.0026621415745466948,0.002428412437438965,-0.0024639368057250977
380000,0.21026752889156342,0.19105178117752075,0.01906110718846321,0.00015463761519640684,0.0,1.9447350496193394e-05,0.0037655120249837637,0.0028656721115112305,-0.0014998912811279297
381000,0.13546960055828094,0.10845860838890076,0.026855051517486572,0.00015593832358717918,0.0,1.1121964234916959e-05,0.0028476365841925144,0.0028934478759765625,-0.0023838281631469727
382000,0.1859889030456543,0.0961931049823761,0.08963462710380554,0.00016117414634209126,0.0,1.0006656339101028e-05,0.0027010852936655283,0.0033348798751831055,-0.0004559159278869629
383000,0.11674847453832626,0.09487902373075485,0.021722178906202316,0.0001472730509703979,0.0,9.783743735169992e-06,0.0026708305813372135,0.003293275833129883,-0.0022940635681152344
384000,0.10433382540941238,0.0949600413441658,0.009210705757141113,0.0001630753104109317,0.0,9.793773642741144e-06,0.0026721993926912546,0.0027865171432495117,-0.0019736886024475098
385000,0.29991623759269714,0.14304080605506897,0.15664072334766388,0.00023469631560146809,0.0,1.4524534890369978e-05,0.0032542054541409016,0.0021418333053588867,-0.0022401809692382812
386000,0.14334504306316376,0.09880253672599792,0.04439973831176758,0.00014276738511398435,0.0,1.0208251296717208e-05,0.0027281579095870256,0.002788543701171875,-0.001416325569152832
387000,0.12650808691978455,0.1003398448228836,0.026023678481578827,0.00014456835924647748,0.0,1.0344249858462717e-05,0.002746270503848791,0.0031468868255615234,-0.0017367005348205566
388000,0.09909717738628387,0.09636105597019196,0.0025899347383528948,0.00014618868590332568,0.0,9.945432793756481e-06,0.002692809794098139,0.002369999885559082,-0.001317441463470459
389000,0.0979294553399086,0.09470982104539871,0.00308107677847147,0.00013855881115887314,0.0,9.758230589795858e-06,0.0026673460379242897,0.0026831626892089844,-0.00027745962142944336
390000,0.1284055858850479,0.09427518397569656,0.03399897366762161,0.00013142230454832315,0.0,9.70417841017479e-06,0.0026599483098834753,0.0030394792556762695,-0.001678764820098877
391000,0.1454252302646637,0.0967206358909607,0.048570163547992706,0.0001344331685686484,0.0,9.935328307619784e-06,0.002691441448405385,0.001053929328918457,-0.0022767186164855957
392000,0.09799452871084213,0.09425611048936844,0.003599052783101797,0.0001393650018144399,0.0,9.702843271952588e-06,0.0026597653049975634,0.0017511844635009766,-0.0030151009559631348
393000,0.14793121814727783,0.09457045048475266,0.05323633551597595,0.00012442839215509593,0.0,9.747569492901675e-06,0.0026658885180950165,0.002153754234313965,-0.0018671154975891113
394000,0.1011347621679306,0.09410351514816284,0.006900016218423843,0.00013123470125719905,0.0,9.70625569607364e-06,0.002660233061760664,0.0024012327194213867,-0.0008168816566467285
395000,0.10725682228803635,0.0945216491818428,0.012595098465681076,0.00014007725985720754,0.0,9.710253834782634e-06,0.0026607809122651815,0.002367854118347168,-0.0025578737258911133
396000,0.10335543006658554,0.09823315590620041,0.004992697387933731,0.00012957579747308046,0.0,1.0126041161129251e-05,0.0027171503752470016,0.002212047576904297,-0.0014342665672302246
397000,0.12817366421222687,0.1186167299747467,0.009420053102076054,0.00013687764294445515,0.0,1.214467192767188e-05,0.0029756834264844656,0.0024721622467041016,-0.0021512508392333984
398000,0.15551549196243286,0.10760805755853653,0.047771576792001724,0.00013584749831352383,0.0,1.1063426427426748e-05,0.0028401329182088375,0.003481268882751465,-0.0030118823051452637
399000,0.16062650084495544,0.12918150424957275,0.03130732849240303,0.00013767325435765088,0.0,1.3221567314758431e-05,0.0031048119999468327,0.0028733015060424805,-0.001487433910369873
400000,0.11187542974948883,0.0974896177649498,0.01425385382026434,0.00013196008512750268,0.0,1.0011930498876609e-05,0.002701797056943178,0.0021702051162719727,-0.0018848180770874023
